file,issue_type,details
1996/fberlin96-1.html,missing_director,No Director listed in film-credits
1996/fberlin96-1.html,missing_imdb_link,No IMDB link in film card
1996/fberlin96-1.html,missing_poster_reference,No poster image reference found
1996/fberlin96-2.html,missing_director,No Director listed in film-credits
1996/fberlin96-2.html,missing_imdb_link,No IMDB link in film card
1996/fberlin96-2.html,missing_poster_reference,No poster image reference found
1996/fberlin96-3.html,missing_director,No Director listed in film-credits
1996/fberlin96-3.html,missing_imdb_link,No IMDB link in film card
1996/fberlin96-3.html,missing_poster_reference,No poster image reference found
1996/fberlin96-4.html,missing_director,No Director listed in film-credits
1996/fberlin96-4.html,missing_imdb_link,No IMDB link in film card
1996/fberlin96-4.html,missing_poster_reference,No poster image reference found
1996/fberlin96-5.html,missing_director,No Director listed in film-credits
1996/fberlin96-5.html,missing_imdb_link,No IMDB link in film card
1996/fberlin96-5.html,missing_poster_reference,No poster image reference found
1996/fberlin96.html,missing_director,No Director listed in film-credits
1996/fberlin96.html,missing_imdb_link,No IMDB link in film card
1996/fberlin96.html,missing_poster_reference,No poster image reference found
1996/ffilmfest.html,missing_director,No Director listed in film-credits
1996/ffilmfest.html,missing_imdb_link,No IMDB link in film card
1996/ffilmfest.html,missing_poster_reference,No poster image reference found
1996/foscar.html,missing_imdb_link,No IMDB link in film card
1996/foscar.html,missing_poster_reference,No poster image reference found
1996/foscar96.html,missing_imdb_link,No IMDB link in film card
1996/foscar96.html,missing_poster_reference,No poster image reference found
1996/fsiff96-1.html,missing_director,No Director listed in film-credits
1996/fsiff96-1.html,missing_imdb_link,No IMDB link in film card
1996/fsiff96-1.html,missing_poster_reference,No poster image reference found
1996/fsiff96-2.html,missing_director,No Director listed in film-credits
1996/fsiff96-2.html,missing_imdb_link,No IMDB link in film card
1996/fsiff96-2.html,missing_poster_reference,No poster image reference found
1996/fsiff96-3.html,missing_director,No Director listed in film-credits
1996/fsiff96-3.html,missing_imdb_link,No IMDB link in film card
1996/fsiff96-3.html,missing_poster_reference,No poster image reference found
1996/fsiff96-4.html,missing_imdb_link,No IMDB link in film card
1996/fsiff96-4.html,missing_poster_reference,No poster image reference found
1996/fsiff96-5.html,missing_imdb_link,No IMDB link in film card
1996/fsiff96-5.html,missing_poster_reference,No poster image reference found
1996/fsiff96.html,missing_director,No Director listed in film-credits
1996/fsiff96.html,missing_imdb_link,No IMDB link in film card
1996/fsiff96.html,missing_poster_reference,No poster image reference found
1996/rjumanji.html,missing_director,No Director listed in film-credits
1996/rjumanji.html,missing_imdb_link,No IMDB link in film card
1996/rjumanji.html,missing_poster_reference,No poster image reference found
1996/rpreach.html,missing_imdb_link,No IMDB link in film card
1996/rpreach.html,missing_poster_reference,No poster image reference found
1996/rtodiefor.html,missing_director,No Director listed in film-credits
1996/rtodiefor.html,missing_imdb_link,No IMDB link in film card
1996/rtodiefor.html,missing_poster_reference,No poster image reference found
1997/f1997recap.html,missing_director,No Director listed in film-credits
1997/f1997recap.html,missing_imdb_link,No IMDB link in film card
1997/f1997recap.html,missing_poster_reference,No poster image reference found
1997/fberlin97.html,missing_director,No Director listed in film-credits
1997/fberlin97.html,missing_imdb_link,No IMDB link in film card
1997/fberlin97.html,missing_poster_reference,No poster image reference found
1997/fccloset.html,empty_content,Article body has only 1 <p> tag(s)
1997/fccloset.html,missing_director,No Director listed in film-credits
1997/fccloset.html,missing_imdb_link,No IMDB link in film card
1997/fccloset.html,missing_poster_reference,No poster image reference found
1997/fccloset.html,thin_content,Modern content is 0% of legacy length (0 vs 18366 chars)
1997/fcinefest18-1.html,missing_director,No Director listed in film-credits
1997/fcinefest18-1.html,missing_imdb_link,No IMDB link in film card
1997/fcinefest18-1.html,missing_poster_reference,No poster image reference found
1997/fcinefest18-2.html,missing_imdb_link,No IMDB link in film card
1997/fcinefest18-2.html,missing_poster_reference,No poster image reference found
1997/ffastcheap.html,missing_director,No Director listed in film-credits
1997/ffastcheap.html,missing_imdb_link,No IMDB link in film card
1997/ffastcheap.html,missing_poster_reference,No poster image reference found
1997/flicensed.html,missing_director,No Director listed in film-credits
1997/flicensed.html,missing_imdb_link,No IMDB link in film card
1997/flicensed.html,missing_poster_reference,No poster image reference found
1997/foscar-cover.html,empty_content,Article body has only 1 <p> tag(s)
1997/foscar-cover.html,missing_director,No Director listed in film-credits
1997/foscar-cover.html,missing_imdb_link,No IMDB link in film card
1997/foscar-cover.html,missing_poster_reference,No poster image reference found
1997/foscar-cover.html,thin_content,Modern content is 13% of legacy length (51 vs 365 chars)
1997/foscar2.html,missing_imdb_link,No IMDB link in film card
1997/foscar2.html,missing_poster_reference,No poster image reference found
1997/fsiff97-1.html,missing_director,No Director listed in film-credits
1997/fsiff97-1.html,missing_imdb_link,No IMDB link in film card
1997/fsiff97-1.html,missing_poster_reference,No poster image reference found
1997/fsiff97-2.html,missing_imdb_link,No IMDB link in film card
1997/fsiff97-2.html,missing_poster_reference,No poster image reference found
1997/fsiff97-3.html,missing_imdb_link,No IMDB link in film card
1997/fsiff97-3.html,missing_poster_reference,No poster image reference found
1997/fsiff97.html,missing_director,No Director listed in film-credits
1997/fsiff97.html,missing_imdb_link,No IMDB link in film card
1997/fsiff97.html,missing_poster_reference,No poster image reference found
1997/ftaxi.html,missing_director,No Director listed in film-credits
1997/ftaxi.html,missing_imdb_link,No IMDB link in film card
1997/ftaxi.html,missing_poster_reference,No poster image reference found
1997/ftaxi.html,thin_content,Modern content is 2% of legacy length (469 vs 21849 chars)
1997/ftiff97-1.html,missing_director,No Director listed in film-credits
1997/ftiff97-1.html,missing_imdb_link,No IMDB link in film card
1997/ftiff97-1.html,missing_poster_reference,No poster image reference found
1997/ftiff97-2.html,missing_director,No Director listed in film-credits
1997/ftiff97-2.html,missing_imdb_link,No IMDB link in film card
1997/ftiff97-2.html,missing_poster_reference,No poster image reference found
1997/ftiff97-3.html,missing_imdb_link,No IMDB link in film card
1997/ftiff97-3.html,missing_poster_reference,No poster image reference found
1997/ftiff97.html,missing_director,No Director listed in film-credits
1997/ftiff97.html,missing_imdb_link,No IMDB link in film card
1997/ftiff97.html,missing_poster_reference,No poster image reference found
1997/ftitanic.html,missing_imdb_link,No IMDB link in film card
1997/ftitanic.html,missing_poster_reference,No poster image reference found
1997/r2girls.html,thin_content,Modern content is 0% of legacy length (0 vs 4657 chars)
1997/raceven.html,missing_director,No Director listed in film-credits
1997/raceven.html,missing_imdb_link,No IMDB link in film card
1997/raceven.html,missing_poster_reference,No poster image reference found
1997/rbatman.html,missing_imdb_link,No IMDB link in film card
1997/rbatman.html,missing_poster_reference,No poster image reference found
1997/rdevilo.html,missing_imdb_link,No IMDB link in film card
1997/rdevilo.html,missing_poster_reference,No poster image reference found
1997/repub.html,missing_director,No Director listed in film-credits
1997/repub.html,missing_imdb_link,No IMDB link in film card
1997/repub.html,missing_poster_reference,No poster image reference found
1997/rinout.html,missing_imdb_link,No IMDB link in film card
1997/rinout.html,missing_poster_reference,No poster image reference found
1997/rkids.html,empty_content,Article body has only 1 <p> tag(s)
1997/rkids.html,thin_content,Modern content is 0% of legacy length (0 vs 13381 chars)
1997/rsmoke.html,missing_imdb_link,No IMDB link in film card
1997/rsmoke.html,missing_poster_reference,No poster image reference found
1997/rtowong.html,missing_imdb_link,No IMDB link in film card
1997/rtowong.html,missing_poster_reference,No poster image reference found
1997/rvampires.html,missing_imdb_link,No IMDB link in film card
1997/rvampires.html,missing_poster_reference,No poster image reference found
1998/f1998recap.html,missing_director,No Director listed in film-credits
1998/f1998recap.html,missing_imdb_link,No IMDB link in film card
1998/f1998recap.html,missing_poster_reference,No poster image reference found
1998/faptpupil.html,missing_director,No Director listed in film-credits
1998/faptpupil.html,missing_imdb_link,No IMDB link in film card
1998/faptpupil.html,missing_poster_reference,No poster image reference found
1998/fberlin98-1.html,missing_director,No Director listed in film-credits
1998/fberlin98-1.html,missing_imdb_link,No IMDB link in film card
1998/fberlin98-1.html,missing_poster_reference,No poster image reference found
1998/fberlin98-2.html,missing_director,No Director listed in film-credits
1998/fberlin98-2.html,missing_imdb_link,No IMDB link in film card
1998/fberlin98-2.html,missing_poster_reference,No poster image reference found
1998/fberlin98-3.html,missing_director,No Director listed in film-credits
1998/fberlin98-3.html,missing_imdb_link,No IMDB link in film card
1998/fberlin98-3.html,missing_poster_reference,No poster image reference found
1998/fberlin98-4.html,missing_imdb_link,No IMDB link in film card
1998/fberlin98-4.html,missing_poster_reference,No poster image reference found
1998/fberlin98-5.html,missing_imdb_link,No IMDB link in film card
1998/fberlin98-5.html,missing_poster_reference,No poster image reference found
1998/fberlin98.html,missing_director,No Director listed in film-credits
1998/fberlin98.html,missing_imdb_link,No IMDB link in film card
1998/fberlin98.html,missing_poster_reference,No poster image reference found
1998/fcinefest98.html,missing_director,No Director listed in film-credits
1998/fcinefest98.html,missing_imdb_link,No IMDB link in film card
1998/fcinefest98.html,missing_poster_reference,No poster image reference found
1998/fcinefest98.html,thin_content,Modern content is 49% of legacy length (336 vs 685 chars)
1998/fgodmon.html,missing_director,No Director listed in film-credits
1998/fgodmon.html,missing_imdb_link,No IMDB link in film card
1998/fgodmon.html,missing_poster_reference,No poster image reference found
1998/fgodmon2.html,missing_imdb_link,No IMDB link in film card
1998/fgodmon2.html,missing_poster_reference,No poster image reference found
1998/fhappiness.html,missing_director,No Director listed in film-credits
1998/fhappiness.html,missing_imdb_link,No IMDB link in film card
1998/fhappiness.html,missing_poster_reference,No poster image reference found
1998/fofcs1998.html,missing_director,No Director listed in film-credits
1998/fofcs1998.html,missing_imdb_link,No IMDB link in film card
1998/fofcs1998.html,missing_poster_reference,No poster image reference found
1998/fofcs1998.html,thin_content,Modern content is 26% of legacy length (738 vs 2822 chars)
1998/foscar98-1.html,missing_imdb_link,No IMDB link in film card
1998/foscar98-1.html,missing_poster_reference,No poster image reference found
1998/foscar98-2.html,missing_imdb_link,No IMDB link in film card
1998/foscar98-2.html,missing_poster_reference,No poster image reference found
1998/foscar98.html,empty_content,Article body has only 1 <p> tag(s)
1998/foscar98.html,missing_director,No Director listed in film-credits
1998/foscar98.html,missing_imdb_link,No IMDB link in film card
1998/foscar98.html,missing_poster_reference,No poster image reference found
1998/foscar98.html,thin_content,Modern content is 14% of legacy length (80 vs 553 chars)
1998/fsiff98-1.html,missing_director,No Director listed in film-credits
1998/fsiff98-1.html,missing_imdb_link,No IMDB link in film card
1998/fsiff98-1.html,missing_poster_reference,No poster image reference found
1998/fsiff98-2.html,missing_director,No Director listed in film-credits
1998/fsiff98-2.html,missing_imdb_link,No IMDB link in film card
1998/fsiff98-2.html,missing_poster_reference,No poster image reference found
1998/fsiff98-3.html,missing_director,No Director listed in film-credits
1998/fsiff98-3.html,missing_imdb_link,No IMDB link in film card
1998/fsiff98-3.html,missing_poster_reference,No poster image reference found
1998/fsiff98-4.html,missing_director,No Director listed in film-credits
1998/fsiff98-4.html,missing_imdb_link,No IMDB link in film card
1998/fsiff98-4.html,missing_poster_reference,No poster image reference found
1998/fsiff98-5.html,missing_director,No Director listed in film-credits
1998/fsiff98-5.html,missing_imdb_link,No IMDB link in film card
1998/fsiff98-5.html,missing_poster_reference,No poster image reference found
1998/fsiff98.html,missing_director,No Director listed in film-credits
1998/fsiff98.html,missing_imdb_link,No IMDB link in film card
1998/fsiff98.html,missing_poster_reference,No poster image reference found
1998/ftiff98-1.html,missing_imdb_link,No IMDB link in film card
1998/ftiff98-1.html,missing_poster_reference,No poster image reference found
1998/ftiff98-2.html,missing_director,No Director listed in film-credits
1998/ftiff98-2.html,missing_imdb_link,No IMDB link in film card
1998/ftiff98-2.html,missing_poster_reference,No poster image reference found
1998/ftiff98-3.html,missing_imdb_link,No IMDB link in film card
1998/ftiff98-3.html,missing_poster_reference,No poster image reference found
1998/ftiff98.html,missing_director,No Director listed in film-credits
1998/ftiff98.html,missing_imdb_link,No IMDB link in film card
1998/ftiff98.html,missing_poster_reference,No poster image reference found
1998/ftwoorphans.html,missing_imdb_link,No IMDB link in film card
1998/ftwoorphans.html,missing_poster_reference,No poster image reference found
1998/rbillyshw.html,missing_imdb_link,No IMDB link in film card
1998/rbillyshw.html,missing_poster_reference,No poster image reference found
1998/rbugslife.html,missing_imdb_link,No IMDB link in film card
1998/rbugslife.html,missing_poster_reference,No poster image reference found
1998/rdance.html,thin_content,Modern content is 38% of legacy length (2071 vs 5315 chars)
1998/rfools.html,thin_content,Modern content is 33% of legacy length (1601 vs 4761 chars)
1998/rhomexmas.html,missing_imdb_link,No IMDB link in film card
1998/rhomexmas.html,missing_poster_reference,No poster image reference found
1998/rmafia.html,missing_imdb_link,No IMDB link in film card
1998/rmafia.html,missing_poster_reference,No poster image reference found
1998/rmonument.html,missing_imdb_link,No IMDB link in film card
1998/rparenttrap.html,thin_content,Modern content is 48% of legacy length (1837 vs 3767 chars)
1998/rpecker.html,thin_content,Modern content is 47% of legacy length (2230 vs 4684 chars)
1998/rratpack.html,thin_content,Modern content is 42% of legacy length (2492 vs 5905 chars)
1998/rsamuri.html,missing_imdb_link,No IMDB link in film card
1998/rsamuri.html,missing_poster_reference,No poster image reference found
1998/rsoldersd.html,missing_imdb_link,No IMDB link in film card
1998/rsoldersd.html,missing_poster_reference,No poster image reference found
1998/ryfriends.html,missing_imdb_link,No IMDB link in film card
1998/ryfriends.html,missing_poster_reference,No poster image reference found
1998/rygmail.html,missing_imdb_link,No IMDB link in film card
1998/rygmail.html,missing_poster_reference,No poster image reference found
1998/rzorro.html,thin_content,Modern content is 26% of legacy length (1393 vs 5348 chars)
1999/fabel.html,missing_director,No Director listed in film-credits
1999/fabel.html,missing_imdb_link,No IMDB link in film card
1999/fabel.html,missing_poster_reference,No poster image reference found
1999/fberlin99-1.html,missing_director,No Director listed in film-credits
1999/fberlin99-1.html,missing_imdb_link,No IMDB link in film card
1999/fberlin99-1.html,missing_poster_reference,No poster image reference found
1999/fberlin99-2.html,missing_director,No Director listed in film-credits
1999/fberlin99-2.html,missing_imdb_link,No IMDB link in film card
1999/fberlin99-2.html,missing_poster_reference,No poster image reference found
1999/fberlin99-3.html,missing_imdb_link,No IMDB link in film card
1999/fberlin99-3.html,missing_poster_reference,No poster image reference found
1999/fberlin99.html,missing_director,No Director listed in film-credits
1999/fberlin99.html,missing_imdb_link,No IMDB link in film card
1999/fberlin99.html,missing_poster_reference,No poster image reference found
1999/fbestman.html,missing_director,No Director listed in film-credits
1999/fbestman.html,missing_imdb_link,No IMDB link in film card
1999/fbestman.html,missing_poster_reference,No poster image reference found
1999/fboys.html,missing_director,No Director listed in film-credits
1999/fboys.html,missing_imdb_link,No IMDB link in film card
1999/fboys.html,missing_poster_reference,No poster image reference found
1999/fexistenz.html,missing_director,No Director listed in film-credits
1999/fexistenz.html,missing_imdb_link,No IMDB link in film card
1999/fexistenz.html,missing_poster_reference,No poster image reference found
1999/ffelicia.html,missing_director,No Director listed in film-credits
1999/ffelicia.html,missing_imdb_link,No IMDB link in film card
1999/ffelicia.html,missing_poster_reference,No poster image reference found
1999/fhitch100-1.html,missing_imdb_link,No IMDB link in film card
1999/fhitch100-1.html,missing_poster_reference,No poster image reference found
1999/fhitch100-2.html,missing_director,No Director listed in film-credits
1999/fhitch100-2.html,missing_imdb_link,No IMDB link in film card
1999/fhitch100-2.html,missing_poster_reference,No poster image reference found
1999/fhitch100-3.html,missing_director,No Director listed in film-credits
1999/fhitch100-3.html,missing_imdb_link,No IMDB link in film card
1999/fhitch100-3.html,missing_poster_reference,No poster image reference found
1999/fhitch100-4.html,missing_director,No Director listed in film-credits
1999/fhitch100-4.html,missing_imdb_link,No IMDB link in film card
1999/fhitch100-4.html,missing_poster_reference,No poster image reference found
1999/fhitch100-5.html,missing_imdb_link,No IMDB link in film card
1999/fhitch100-5.html,missing_poster_reference,No poster image reference found
1999/fhitch100.html,missing_director,No Director listed in film-credits
1999/fhitch100.html,missing_imdb_link,No IMDB link in film card
1999/fhitch100.html,missing_poster_reference,No poster image reference found
1999/fkubrick.html,missing_director,No Director listed in film-credits
1999/fkubrick.html,missing_imdb_link,No IMDB link in film card
1999/fkubrick.html,missing_poster_reference,No poster image reference found
1999/flastnight.html,missing_director,No Director listed in film-credits
1999/flastnight.html,missing_imdb_link,No IMDB link in film card
1999/flastnight.html,missing_poster_reference,No poster image reference found
1999/fmontreal99-1.html,missing_director,No Director listed in film-credits
1999/fmontreal99-1.html,missing_imdb_link,No IMDB link in film card
1999/fmontreal99-1.html,missing_poster_reference,No poster image reference found
1999/fmontreal99-2.html,missing_imdb_link,No IMDB link in film card
1999/fmontreal99-2.html,missing_poster_reference,No poster image reference found
1999/fmontreal99-3.html,missing_director,No Director listed in film-credits
1999/fmontreal99-3.html,missing_imdb_link,No IMDB link in film card
1999/fmontreal99-3.html,missing_poster_reference,No poster image reference found
1999/fmontreal99.html,missing_director,No Director listed in film-credits
1999/fmontreal99.html,missing_imdb_link,No IMDB link in film card
1999/fmontreal99.html,missing_poster_reference,No poster image reference found
1999/fnosferatu.html,missing_director,No Director listed in film-credits
1999/fnosferatu.html,missing_imdb_link,No IMDB link in film card
1999/fnosferatu.html,missing_poster_reference,No poster image reference found
1999/fnosferatu.html,thin_content,Modern content is 34% of legacy length (212 vs 620 chars)
1999/fnosferatu1.html,missing_director,No Director listed in film-credits
1999/fnosferatu1.html,missing_imdb_link,No IMDB link in film card
1999/fnosferatu1.html,missing_poster_reference,No poster image reference found
1999/fnosferatu2.html,missing_director,No Director listed in film-credits
1999/fnosferatu2.html,missing_imdb_link,No IMDB link in film card
1999/fnosferatu2.html,missing_poster_reference,No poster image reference found
1999/fnosferatu3.html,missing_imdb_link,No IMDB link in film card
1999/fnosferatu3.html,missing_poster_reference,No poster image reference found
1999/foscar99-1.html,missing_imdb_link,No IMDB link in film card
1999/foscar99-1.html,missing_poster_reference,No poster image reference found
1999/foscar99.html,empty_content,Article body has only 1 <p> tag(s)
1999/foscar99.html,missing_director,No Director listed in film-credits
1999/foscar99.html,missing_imdb_link,No IMDB link in film card
1999/foscar99.html,missing_poster_reference,No poster image reference found
1999/foscar99.html,thin_content,Modern content is 7% of legacy length (38 vs 501 chars)
1999/fpaganini.html,missing_imdb_link,No IMDB link in film card
1999/fpaganini.html,missing_poster_reference,No poster image reference found
1999/fprovidence.html,missing_director,No Director listed in film-credits
1999/fprovidence.html,missing_imdb_link,No IMDB link in film card
1999/fprovidence.html,missing_poster_reference,No poster image reference found
1999/fredviolin.html,missing_imdb_link,No IMDB link in film card
1999/fredviolin.html,missing_poster_reference,No poster image reference found
1999/frudy-1.html,missing_director,No Director listed in film-credits
1999/frudy-1.html,missing_imdb_link,No IMDB link in film card
1999/frudy-1.html,missing_poster_reference,No poster image reference found
1999/frudy-2.html,missing_director,No Director listed in film-credits
1999/frudy-2.html,missing_imdb_link,No IMDB link in film card
1999/frudy-2.html,missing_poster_reference,No poster image reference found
1999/frudy-3.html,missing_director,No Director listed in film-credits
1999/frudy-3.html,missing_imdb_link,No IMDB link in film card
1999/frudy-3.html,missing_poster_reference,No poster image reference found
1999/frudy.html,missing_director,No Director listed in film-credits
1999/frudy.html,missing_imdb_link,No IMDB link in film card
1999/frudy.html,missing_poster_reference,No poster image reference found
1999/frudy.html,thin_content,Modern content is 44% of legacy length (243 vs 547 chars)
1999/fsiff99-1.html,missing_imdb_link,No IMDB link in film card
1999/fsiff99-1.html,missing_poster_reference,No poster image reference found
1999/fsiff99-2.html,missing_imdb_link,No IMDB link in film card
1999/fsiff99-2.html,missing_poster_reference,No poster image reference found
1999/fsiff99-3.html,missing_director,No Director listed in film-credits
1999/fsiff99-3.html,missing_imdb_link,No IMDB link in film card
1999/fsiff99-3.html,missing_poster_reference,No poster image reference found
1999/fsiff99.html,missing_director,No Director listed in film-credits
1999/fsiff99.html,missing_imdb_link,No IMDB link in film card
1999/fsiff99.html,missing_poster_reference,No poster image reference found
1999/ftaos99.html,missing_director,No Director listed in film-credits
1999/ftaos99.html,missing_imdb_link,No IMDB link in film card
1999/ftaos99.html,missing_poster_reference,No poster image reference found
1999/ftiff99-1.html,missing_director,No Director listed in film-credits
1999/ftiff99-1.html,missing_imdb_link,No IMDB link in film card
1999/ftiff99-1.html,missing_poster_reference,No poster image reference found
1999/ftiff99.html,missing_director,No Director listed in film-credits
1999/ftiff99.html,missing_imdb_link,No IMDB link in film card
1999/ftiff99.html,missing_poster_reference,No poster image reference found
1999/ftiff99.html,thin_content,Modern content is 38% of legacy length (243 vs 632 chars)
1999/fwalkmoon.html,missing_director,No Director listed in film-credits
1999/fwalkmoon.html,missing_imdb_link,No IMDB link in film card
1999/fwalkmoon.html,missing_poster_reference,No poster image reference found
1999/fwif.html,missing_imdb_link,No IMDB link in film card
1999/fwif.html,missing_poster_reference,No poster image reference found
1999/fwoo.html,missing_director,No Director listed in film-credits
1999/fwoo.html,missing_imdb_link,No IMDB link in film card
1999/fwoo.html,missing_poster_reference,No poster image reference found
1999/rastro.html,missing_imdb_link,No IMDB link in film card
1999/rastro.html,missing_poster_reference,No poster image reference found
1999/rboys.html,missing_imdb_link,No IMDB link in film card
1999/rboys.html,missing_poster_reference,No poster image reference found
1999/rcookie.html,missing_imdb_link,No IMDB link in film card
1999/rcookie.html,missing_poster_reference,No poster image reference found
1999/rdoug.html,missing_imdb_link,No IMDB link in film card
1999/rdoug.html,missing_poster_reference,No poster image reference found
1999/rfelicia.html,missing_imdb_link,No IMDB link in film card
1999/rfelicia.html,missing_poster_reference,No poster image reference found
1999/rgalapagos.html,missing_director,No Director listed in film-credits
1999/rgalapagos.html,missing_imdb_link,No IMDB link in film card
1999/rgalapagos.html,missing_poster_reference,No poster image reference found
1999/rgendaught.html,missing_imdb_link,No IMDB link in film card
1999/rgendaught.html,missing_poster_reference,No poster image reference found
1999/rinstinct.html,missing_imdb_link,No IMDB link in film card
1999/rinstinct.html,missing_poster_reference,No poster image reference found
1999/rlostfound.html,missing_imdb_link,No IMDB link in film card
1999/rlostfound.html,missing_poster_reference,No poster image reference found
1999/rmessage.html,missing_imdb_link,No IMDB link in film card
1999/rmessage.html,missing_poster_reference,No poster image reference found
1999/rmidsummer.html,missing_imdb_link,No IMDB link in film card
1999/rmidsummer.html,missing_poster_reference,No poster image reference found
1999/rneddevine.html,empty_content,Article body has only 1 <p> tag(s)
1999/rsat.html,missing_imdb_link,No IMDB link in film card
1999/rsat.html,missing_poster_reference,No poster image reference found
1999/rsms.html,missing_director,No Director listed in film-credits
1999/rsms.html,missing_imdb_link,No IMDB link in film card
1999/rtrippin.html,missing_imdb_link,No IMDB link in film card
1999/rtrippin.html,missing_poster_reference,No poster image reference found
1999/rwindhorse.html,missing_poster_reference,No poster image reference found
2000/f1999recap.html,missing_imdb_link,No IMDB link in film card
2000/f1999recap.html,missing_poster_reference,No poster image reference found
2000/f5senses.html,missing_director,No Director listed in film-credits
2000/f5senses.html,missing_imdb_link,No IMDB link in film card
2000/f5senses.html,missing_poster_reference,No poster image reference found
2000/f9thgate.html,missing_imdb_link,No IMDB link in film card
2000/f9thgate.html,missing_poster_reference,No poster image reference found
2000/fampsycho.html,empty_content,Article body has only 1 <p> tag(s)
2000/fampsycho.html,missing_director,No Director listed in film-credits
2000/fampsycho.html,missing_imdb_link,No IMDB link in film card
2000/fampsycho.html,missing_poster_reference,No poster image reference found
2000/fampsycho.html,thin_content,Modern content is 13% of legacy length (67 vs 483 chars)
2000/fbambooz.html,missing_director,No Director listed in film-credits
2000/fbambooz.html,missing_imdb_link,No IMDB link in film card
2000/fbambooz.html,missing_poster_reference,No poster image reference found
2000/fberlin2K-1.html,missing_director,No Director listed in film-credits
2000/fberlin2K-1.html,missing_imdb_link,No IMDB link in film card
2000/fberlin2K-1.html,missing_poster_reference,No poster image reference found
2000/fberlin2K-2.html,missing_imdb_link,No IMDB link in film card
2000/fberlin2K-2.html,missing_poster_reference,No poster image reference found
2000/fberlin2K.html,missing_director,No Director listed in film-credits
2000/fberlin2K.html,missing_imdb_link,No IMDB link in film card
2000/fberlin2K.html,missing_poster_reference,No poster image reference found
2000/fbestinshow.html,missing_director,No Director listed in film-credits
2000/fbestinshow.html,missing_imdb_link,No IMDB link in film card
2000/fbestinshow.html,missing_poster_reference,No poster image reference found
2000/fcannes-1.html,missing_imdb_link,No IMDB link in film card
2000/fcannes-1.html,missing_poster_reference,No poster image reference found
2000/fcannes-2.html,missing_imdb_link,No IMDB link in film card
2000/fcannes-2.html,missing_poster_reference,No poster image reference found
2000/fcannes.html,missing_director,No Director listed in film-credits
2000/fcannes.html,missing_imdb_link,No IMDB link in film card
2000/fcannes.html,missing_poster_reference,No poster image reference found
2000/fcecil.html,missing_director,No Director listed in film-credits
2000/fcecil.html,missing_imdb_link,No IMDB link in film card
2000/fcecil.html,missing_poster_reference,No poster image reference found
2000/fcheerleader.html,missing_director,No Director listed in film-credits
2000/fcheerleader.html,missing_imdb_link,No IMDB link in film card
2000/fcheerleader.html,missing_poster_reference,No poster image reference found
2000/fcommitted.html,missing_director,No Director listed in film-credits
2000/fcommitted.html,missing_imdb_link,No IMDB link in film card
2000/fcommitted.html,missing_poster_reference,No poster image reference found
2000/fcorman.html,missing_director,No Director listed in film-credits
2000/fcorman.html,missing_imdb_link,No IMDB link in film card
2000/fcorman.html,missing_poster_reference,No poster image reference found
2000/fcwo-1.html,missing_director,No Director listed in film-credits
2000/fcwo-1.html,missing_imdb_link,No IMDB link in film card
2000/fcwo-1.html,missing_poster_reference,No poster image reference found
2000/fcwo-2.html,missing_director,No Director listed in film-credits
2000/fcwo-2.html,missing_imdb_link,No IMDB link in film card
2000/fcwo-2.html,missing_poster_reference,No poster image reference found
2000/fcwo-3.html,missing_director,No Director listed in film-credits
2000/fcwo-3.html,missing_imdb_link,No IMDB link in film card
2000/fcwo-3.html,missing_poster_reference,No poster image reference found
2000/fcwo.html,empty_content,Article body has only 1 <p> tag(s)
2000/fcwo.html,missing_director,No Director listed in film-credits
2000/fcwo.html,missing_imdb_link,No IMDB link in film card
2000/fcwo.html,missing_poster_reference,No poster image reference found
2000/fcwo.html,thin_content,Modern content is 25% of legacy length (101 vs 390 chars)
2000/fdeath.html,missing_director,No Director listed in film-credits
2000/fdeath.html,missing_imdb_link,No IMDB link in film card
2000/fdeath.html,missing_poster_reference,No poster image reference found
2000/ffassbinder.html,empty_content,Article body has only 1 <p> tag(s)
2000/ffassbinder.html,missing_director,No Director listed in film-credits
2000/ffassbinder.html,missing_imdb_link,No IMDB link in film card
2000/ffassbinder.html,missing_poster_reference,No poster image reference found
2000/ffassbinder.html,thin_content,Modern content is 38% of legacy length (157 vs 406 chars)
2000/ffassbinder1.html,missing_imdb_link,No IMDB link in film card
2000/ffassbinder1.html,missing_poster_reference,No poster image reference found
2000/ffassbinder2.html,missing_director,No Director listed in film-credits
2000/ffassbinder2.html,missing_imdb_link,No IMDB link in film card
2000/ffassbinder2.html,missing_poster_reference,No poster image reference found
2000/ffassbinder3.html,missing_director,No Director listed in film-credits
2000/ffassbinder3.html,missing_imdb_link,No IMDB link in film card
2000/ffassbinder3.html,missing_poster_reference,No poster image reference found
2000/ffassbinder4.html,missing_director,No Director listed in film-credits
2000/ffassbinder4.html,missing_imdb_link,No IMDB link in film card
2000/ffassbinder4.html,missing_poster_reference,No poster image reference found
2000/fghostdog.html,missing_director,No Director listed in film-credits
2000/fghostdog.html,missing_imdb_link,No IMDB link in film card
2000/fghostdog.html,missing_poster_reference,No poster image reference found
2000/fgirlfight.html,missing_director,No Director listed in film-credits
2000/fgirlfight.html,missing_imdb_link,No IMDB link in film card
2000/fgirlfight.html,missing_poster_reference,No poster image reference found
2000/fgirlfight2.html,missing_director,No Director listed in film-credits
2000/fgirlfight2.html,missing_imdb_link,No IMDB link in film card
2000/fgirlfight2.html,missing_poster_reference,No poster image reference found
2000/fgodsarmy.html,missing_director,No Director listed in film-credits
2000/fgodsarmy.html,missing_imdb_link,No IMDB link in film card
2000/fgodsarmy.html,missing_poster_reference,No poster image reference found
2000/fgriffith.html,missing_imdb_link,No IMDB link in film card
2000/fgriffith.html,missing_poster_reference,No poster image reference found
2000/fgun.html,missing_director,No Director listed in film-credits
2000/fgun.html,missing_imdb_link,No IMDB link in film card
2000/fgun.html,missing_poster_reference,No poster image reference found
2000/fhuman.html,missing_director,No Director listed in film-credits
2000/fhuman.html,missing_imdb_link,No IMDB link in film card
2000/fhuman.html,missing_poster_reference,No poster image reference found
2000/fjesus.html,missing_director,No Director listed in film-credits
2000/fjesus.html,missing_imdb_link,No IMDB link in film card
2000/fjesus.html,missing_poster_reference,No poster image reference found
2000/fjudyberlin.html,missing_director,No Director listed in film-credits
2000/fjudyberlin.html,missing_imdb_link,No IMDB link in film card
2000/fjudyberlin.html,missing_poster_reference,No poster image reference found
2000/fkindertrans.html,missing_director,No Director listed in film-credits
2000/fkindertrans.html,missing_imdb_link,No IMDB link in film card
2000/fkindertrans.html,missing_poster_reference,No poster image reference found
2000/fkv00.html,missing_imdb_link,No IMDB link in film card
2000/fkv00.html,missing_poster_reference,No poster image reference found
2000/flb.html,missing_director,No Director listed in film-credits
2000/flb.html,missing_imdb_link,No IMDB link in film card
2000/flb.html,missing_poster_reference,No poster image reference found
2000/fluis.html,missing_imdb_link,No IMDB link in film card
2000/fluis.html,missing_poster_reference,No poster image reference found
2000/flyingdown.html,missing_director,No Director listed in film-credits
2000/flyingdown.html,missing_imdb_link,No IMDB link in film card
2000/flyingdown.html,missing_poster_reference,No poster image reference found
2000/fmagnolia.html,missing_director,No Director listed in film-credits
2000/fmagnolia.html,missing_imdb_link,No IMDB link in film card
2000/fmagnolia.html,missing_poster_reference,No poster image reference found
2000/fmansfield.html,missing_director,No Director listed in film-credits
2000/fmansfield.html,missing_imdb_link,No IMDB link in film card
2000/fmansfield.html,missing_poster_reference,No poster image reference found
2000/foneday.html,missing_director,No Director listed in film-credits
2000/foneday.html,missing_imdb_link,No IMDB link in film card
2000/foneday.html,missing_poster_reference,No poster image reference found
2000/foscar2K-1.html,missing_imdb_link,No IMDB link in film card
2000/foscar2K-1.html,missing_poster_reference,No poster image reference found
2000/foscar2K-2.html,missing_imdb_link,No IMDB link in film card
2000/foscar2K-2.html,missing_poster_reference,No poster image reference found
2000/foscar2K.html,empty_content,Article body has only 1 <p> tag(s)
2000/foscar2K.html,missing_director,No Director listed in film-credits
2000/foscar2K.html,missing_imdb_link,No IMDB link in film card
2000/foscar2K.html,missing_poster_reference,No poster image reference found
2000/foscar2K.html,thin_content,Modern content is 16% of legacy length (81 vs 499 chars)
2000/fpatriot.html,missing_director,No Director listed in film-credits
2000/fpatriot.html,missing_imdb_link,No IMDB link in film card
2000/fpatriot.html,missing_poster_reference,No poster image reference found
2000/fprice.html,missing_imdb_link,No IMDB link in film card
2000/fprice.html,missing_poster_reference,No poster image reference found
2000/freindeer.html,missing_imdb_link,No IMDB link in film card
2000/freindeer.html,missing_poster_reference,No poster image reference found
2000/freplace.html,missing_director,No Director listed in film-credits
2000/freplace.html,missing_imdb_link,No IMDB link in film card
2000/freplace.html,missing_poster_reference,No poster image reference found
2000/fromeob.html,missing_imdb_link,No IMDB link in film card
2000/fromeob.html,missing_poster_reference,No poster image reference found
2000/froswell.html,missing_director,No Director listed in film-credits
2000/froswell.html,missing_imdb_link,No IMDB link in film card
2000/froswell.html,missing_poster_reference,No poster image reference found
2000/fsiff00-1.html,missing_director,No Director listed in film-credits
2000/fsiff00-1.html,missing_imdb_link,No IMDB link in film card
2000/fsiff00-1.html,missing_poster_reference,No poster image reference found
2000/fsiff00-2.html,missing_imdb_link,No IMDB link in film card
2000/fsiff00-2.html,missing_poster_reference,No poster image reference found
2000/fsiff00.html,missing_director,No Director listed in film-credits
2000/fsiff00.html,missing_imdb_link,No IMDB link in film card
2000/fsiff00.html,missing_poster_reference,No poster image reference found
2000/fsiff00.html,thin_content,Modern content is 38% of legacy length (197 vs 510 chars)
2000/fsjff.html,missing_imdb_link,No IMDB link in film card
2000/fsjff.html,missing_poster_reference,No poster image reference found
2000/fspike.html,missing_director,No Director listed in film-credits
2000/fspike.html,missing_imdb_link,No IMDB link in film card
2000/fspike.html,missing_poster_reference,No poster image reference found
2000/ftao.html,missing_director,No Director listed in film-credits
2000/ftao.html,missing_imdb_link,No IMDB link in film card
2000/ftao.html,missing_poster_reference,No poster image reference found
2000/ftiff00-1.html,missing_imdb_link,No IMDB link in film card
2000/ftiff00-1.html,missing_poster_reference,No poster image reference found
2000/fu571.html,missing_director,No Director listed in film-credits
2000/fu571.html,missing_imdb_link,No IMDB link in film card
2000/fu571.html,missing_poster_reference,No poster image reference found
2000/furban.html,missing_director,No Director listed in film-credits
2000/furban.html,missing_imdb_link,No IMDB link in film card
2000/furban.html,missing_poster_reference,No poster image reference found
2000/furbania.html,missing_director,No Director listed in film-credits
2000/furbania.html,missing_imdb_link,No IMDB link in film card
2000/furbania.html,missing_poster_reference,No poster image reference found
2000/fwaking.html,missing_director,No Director listed in film-credits
2000/fwaking.html,missing_imdb_link,No IMDB link in film card
2000/fwaking.html,missing_poster_reference,No poster image reference found
2000/fwomanchaser.html,missing_imdb_link,No IMDB link in film card
2000/fwomanchaser.html,missing_poster_reference,No poster image reference found
2000/raimee.html,missing_director,No Director listed in film-credits
2000/raimee.html,missing_imdb_link,No IMDB link in film card
2000/raimee.html,missing_poster_reference,No poster image reference found
2000/rbare.html,missing_imdb_link,No IMDB link in film card
2000/rbigmom.html,missing_director,No Director listed in film-credits
2000/rbigmom.html,missing_imdb_link,No IMDB link in film card
2000/rbigmom.html,missing_poster_reference,No poster image reference found
2000/rbutterfly.html,thin_content,Modern content is 45% of legacy length (1652 vs 3598 chars)
2000/rcarter.html,thin_content,Modern content is 38% of legacy length (2935 vs 7631 chars)
2000/rcheerleader.html,missing_director,No Director listed in film-credits
2000/rcheerleader.html,missing_imdb_link,No IMDB link in film card
2000/rcheerleader.html,missing_poster_reference,No poster image reference found
2000/rchuck.html,missing_director,No Director listed in film-credits
2000/rchuck.html,missing_imdb_link,No IMDB link in film card
2000/rchuck.html,missing_poster_reference,No poster image reference found
2000/rcleo.html,missing_director,No Director listed in film-credits
2000/rcleo.html,missing_imdb_link,No IMDB link in film card
2000/rcleo.html,missing_poster_reference,No poster image reference found
2000/rgodsarmy.html,missing_director,No Director listed in film-credits
2000/rgodsarmy.html,missing_imdb_link,No IMDB link in film card
2000/rgodsarmy.html,missing_poster_reference,No poster image reference found
2000/rgould.html,missing_imdb_link,No IMDB link in film card
2000/rgould.html,missing_poster_reference,No poster image reference found
2000/rgroove.html,thin_content,Modern content is 30% of legacy length (935 vs 3028 chars)
2000/rhardday.html,missing_director,No Director listed in film-credits
2000/rhardday.html,missing_imdb_link,No IMDB link in film card
2000/rhardday.html,missing_poster_reference,No poster image reference found
2000/rirene.html,missing_director,No Director listed in film-credits
2000/rirene.html,missing_imdb_link,No IMDB link in film card
2000/rirene.html,missing_poster_reference,No poster image reference found
2000/rjesus.html,missing_director,No Director listed in film-credits
2000/rjesus.html,missing_imdb_link,No IMDB link in film card
2000/rjesus.html,missing_poster_reference,No poster image reference found
2000/rkid.html,missing_director,No Director listed in film-credits
2000/rkid.html,missing_imdb_link,No IMDB link in film card
2000/rkid.html,missing_poster_reference,No poster image reference found
2000/rlatrav.html,missing_imdb_link,No IMDB link in film card
2000/rlatrav.html,missing_poster_reference,No poster image reference found
2000/rlatrav.html,thin_content,Modern content is 45% of legacy length (1978 vs 4380 chars)
2000/rlb.html,missing_imdb_link,No IMDB link in film card
2000/rlb.html,missing_poster_reference,No poster image reference found
2000/rlovelost.html,missing_imdb_link,No IMDB link in film card
2000/rlovelost.html,missing_poster_reference,No poster image reference found
2000/rnewgrv.html,missing_director,No Director listed in film-credits
2000/rnewgrv.html,missing_imdb_link,No IMDB link in film card
2000/rnewgrv.html,missing_poster_reference,No poster image reference found
2000/roneday.html,missing_poster_reference,No poster image reference found
2000/rparents.html,thin_content,Modern content is 45% of legacy length (2070 vs 4544 chars)
2000/rredplanet.html,thin_content,Modern content is 46% of legacy length (2037 vs 4386 chars)
2000/rrelativev.html,thin_content,Modern content is 43% of legacy length (1859 vs 4262 chars)
2000/rwatcher.html,thin_content,Modern content is 48% of legacy length (1778 vs 3689 chars)
2001/f13days.html,missing_director,No Director listed in film-credits
2001/f13days.html,missing_imdb_link,No IMDB link in film card
2001/f13days.html,missing_poster_reference,No poster image reference found
2001/fbabyboy.html,missing_imdb_link,No IMDB link in film card
2001/fbabyboy.html,missing_poster_reference,No poster image reference found
2001/fbefore.html,missing_director,No Director listed in film-credits
2001/fbefore.html,missing_imdb_link,No IMDB link in film card
2001/fbefore.html,missing_poster_reference,No poster image reference found
2001/fbeineix.html,missing_director,No Director listed in film-credits
2001/fbeineix.html,missing_imdb_link,No IMDB link in film card
2001/fbeineix.html,missing_poster_reference,No poster image reference found
2001/fberlin01.html,missing_imdb_link,No IMDB link in film card
2001/fberlin01.html,missing_poster_reference,No poster image reference found
2001/fbrothers.html,missing_director,No Director listed in film-credits
2001/fbrothers.html,missing_imdb_link,No IMDB link in film card
2001/fbrothers.html,missing_poster_reference,No poster image reference found
2001/fbudd.html,missing_imdb_link,No IMDB link in film card
2001/fbudd.html,missing_poster_reference,No poster image reference found
2001/fcaveman.html,missing_director,No Director listed in film-credits
2001/fcaveman.html,missing_imdb_link,No IMDB link in film card
2001/fcaveman.html,missing_poster_reference,No poster image reference found
2001/fdeepend.html,missing_director,No Director listed in film-credits
2001/fdeepend.html,missing_imdb_link,No IMDB link in film card
2001/fdeepend.html,missing_poster_reference,No poster image reference found
2001/fdish.html,missing_director,No Director listed in film-credits
2001/fdish.html,missing_poster_reference,No poster image reference found
2001/fdown.html,missing_director,No Director listed in film-credits
2001/fdown.html,missing_imdb_link,No IMDB link in film card
2001/fdown.html,missing_poster_reference,No poster image reference found
2001/fevolution.html,missing_director,No Director listed in film-credits
2001/fevolution.html,missing_imdb_link,No IMDB link in film card
2001/fevolution.html,missing_poster_reference,No poster image reference found
2001/ffamous.html,missing_director,No Director listed in film-credits
2001/ffamous.html,missing_imdb_link,No IMDB link in film card
2001/ffamous.html,missing_poster_reference,No poster image reference found
2001/ffromhell.html,empty_content,Article body has only 1 <p> tag(s)
2001/ffromhell.html,missing_director,No Director listed in film-credits
2001/ffromhell.html,missing_imdb_link,No IMDB link in film card
2001/ffromhell.html,missing_poster_reference,No poster image reference found
2001/ffromhell.html,thin_content,Modern content is 17% of legacy length (106 vs 601 chars)
2001/fharry.html,missing_imdb_link,No IMDB link in film card
2001/fharry.html,missing_poster_reference,No poster image reference found
2001/fheavy.html,empty_content,Article body has only 1 <p> tag(s)
2001/fheavy.html,missing_director,No Director listed in film-credits
2001/fheavy.html,missing_imdb_link,No IMDB link in film card
2001/fheavy.html,missing_poster_reference,No poster image reference found
2001/fheavy.html,thin_content,Modern content is 14% of legacy length (100 vs 679 chars)
2001/fjackpot.html,missing_director,No Director listed in film-credits
2001/fjackpot.html,missing_imdb_link,No IMDB link in film card
2001/fjackpot.html,missing_poster_reference,No poster image reference found
2001/fknight.html,missing_director,No Director listed in film-credits
2001/fknight.html,missing_imdb_link,No IMDB link in film card
2001/fknight.html,missing_poster_reference,No poster image reference found
2001/fknight2.html,missing_director,No Director listed in film-credits
2001/fknight2.html,missing_imdb_link,No IMDB link in film card
2001/fknight2.html,missing_poster_reference,No poster image reference found
2001/fkubrick.html,missing_director,No Director listed in film-credits
2001/fkubrick.html,missing_imdb_link,No IMDB link in film card
2001/fkubrick.html,missing_poster_reference,No poster image reference found
2001/flastdance.html,missing_director,No Director listed in film-credits
2001/flastdance.html,missing_imdb_link,No IMDB link in film card
2001/flastdance.html,missing_poster_reference,No poster image reference found
2001/flie.html,missing_director,No Director listed in film-credits
2001/flie.html,missing_imdb_link,No IMDB link in film card
2001/flie.html,missing_poster_reference,No poster image reference found
2001/flifedebt.html,missing_director,No Director listed in film-credits
2001/flifedebt.html,missing_imdb_link,No IMDB link in film card
2001/flifedebt.html,missing_poster_reference,No poster image reference found
2001/fmade.html,missing_director,No Director listed in film-credits
2001/fmade.html,missing_imdb_link,No IMDB link in film card
2001/fmade.html,missing_poster_reference,No poster image reference found
2001/fmansfield.html,missing_imdb_link,No IMDB link in film card
2001/fmansfield.html,missing_poster_reference,No poster image reference found
2001/fmulholland.html,missing_director,No Director listed in film-credits
2001/fmulholland.html,missing_imdb_link,No IMDB link in film card
2001/fmulholland.html,missing_poster_reference,No poster image reference found
2001/foscar01-1.html,missing_imdb_link,No IMDB link in film card
2001/foscar01-1.html,missing_poster_reference,No poster image reference found
2001/foscar01-2.html,missing_imdb_link,No IMDB link in film card
2001/foscar01-2.html,missing_poster_reference,No poster image reference found
2001/foscar01.html,empty_content,Article body has only 1 <p> tag(s)
2001/foscar01.html,missing_director,No Director listed in film-credits
2001/foscar01.html,missing_imdb_link,No IMDB link in film card
2001/foscar01.html,missing_poster_reference,No poster image reference found
2001/foscar01.html,thin_content,Modern content is 14% of legacy length (64 vs 430 chars)
2001/fothers.html,missing_director,No Director listed in film-credits
2001/fothers.html,missing_imdb_link,No IMDB link in film card
2001/fothers.html,missing_poster_reference,No poster image reference found
2001/fotik.html,empty_content,Article body has only 1 <p> tag(s)
2001/fotik.html,missing_director,No Director listed in film-credits
2001/fotik.html,missing_imdb_link,No IMDB link in film card
2001/fotik.html,missing_poster_reference,No poster image reference found
2001/fotik.html,thin_content,Modern content is 10% of legacy length (84 vs 776 chars)
2001/fpanic.html,missing_imdb_link,No IMDB link in film card
2001/fpanic.html,missing_poster_reference,No poster image reference found
2001/fpollock.html,missing_director,No Director listed in film-credits
2001/fpollock.html,missing_imdb_link,No IMDB link in film card
2001/fpollock.html,missing_poster_reference,No poster image reference found
2001/fpordenone-1.html,missing_director,No Director listed in film-credits
2001/fpordenone-1.html,missing_imdb_link,No IMDB link in film card
2001/fpordenone-1.html,missing_poster_reference,No poster image reference found
2001/fpordenone-2.html,missing_director,No Director listed in film-credits
2001/fpordenone-2.html,missing_imdb_link,No IMDB link in film card
2001/fpordenone-2.html,missing_poster_reference,No poster image reference found
2001/fpordenone-3.html,missing_director,No Director listed in film-credits
2001/fpordenone-3.html,missing_imdb_link,No IMDB link in film card
2001/fpordenone-3.html,missing_poster_reference,No poster image reference found
2001/fpordenone-4.html,missing_imdb_link,No IMDB link in film card
2001/fpordenone-4.html,missing_poster_reference,No poster image reference found
2001/fpordenone-5.html,missing_director,No Director listed in film-credits
2001/fpordenone-5.html,missing_imdb_link,No IMDB link in film card
2001/fpordenone-5.html,missing_poster_reference,No poster image reference found
2001/fpordenone-6.html,missing_director,No Director listed in film-credits
2001/fpordenone-6.html,missing_imdb_link,No IMDB link in film card
2001/fpordenone-6.html,missing_poster_reference,No poster image reference found
2001/fpordenone-7.html,missing_director,No Director listed in film-credits
2001/fpordenone-7.html,missing_imdb_link,No IMDB link in film card
2001/fpordenone-7.html,missing_poster_reference,No poster image reference found
2001/fpordenone-8.html,missing_director,No Director listed in film-credits
2001/fpordenone-8.html,missing_imdb_link,No IMDB link in film card
2001/fpordenone-8.html,missing_poster_reference,No poster image reference found
2001/fpordenone-9.html,missing_director,No Director listed in film-credits
2001/fpordenone-9.html,missing_imdb_link,No IMDB link in film card
2001/fpordenone-9.html,missing_poster_reference,No poster image reference found
2001/fpordenone.html,missing_director,No Director listed in film-credits
2001/fpordenone.html,missing_imdb_link,No IMDB link in film card
2001/fpordenone.html,missing_poster_reference,No poster image reference found
2001/fpordenone.html,thin_content,Modern content is 41% of legacy length (421 vs 1019 chars)
2001/fprincess.html,missing_director,No Director listed in film-credits
2001/fprincess.html,missing_imdb_link,No IMDB link in film card
2001/fprincess.html,missing_poster_reference,No poster image reference found
2001/fptff01.html,missing_director,No Director listed in film-credits
2001/fptff01.html,missing_imdb_link,No IMDB link in film card
2001/fptff01.html,missing_poster_reference,No poster image reference found
2001/fratcatcher.html,missing_director,No Director listed in film-credits
2001/fratcatcher.html,missing_imdb_link,No IMDB link in film card
2001/fratcatcher.html,missing_poster_reference,No poster image reference found
2001/fratrace.html,missing_director,No Director listed in film-credits
2001/fratrace.html,missing_imdb_link,No IMDB link in film card
2001/fratrace.html,missing_poster_reference,No poster image reference found
2001/frudolph.html,missing_director,No Director listed in film-credits
2001/frudolph.html,missing_imdb_link,No IMDB link in film card
2001/frudolph.html,missing_poster_reference,No poster image reference found
2001/fscary2.html,missing_director,No Director listed in film-credits
2001/fscary2.html,missing_imdb_link,No IMDB link in film card
2001/fscary2.html,missing_poster_reference,No poster image reference found
2001/fseries7.html,missing_imdb_link,No IMDB link in film card
2001/fseries7.html,missing_poster_reference,No poster image reference found
2001/fsexy.html,missing_director,No Director listed in film-credits
2001/fsexy.html,missing_imdb_link,No IMDB link in film card
2001/fsexy.html,missing_poster_reference,No poster image reference found
2001/fshadow.html,missing_director,No Director listed in film-credits
2001/fshadow.html,missing_imdb_link,No IMDB link in film card
2001/fshadow.html,missing_poster_reference,No poster image reference found
2001/fsidewalk.html,missing_director,No Director listed in film-credits
2001/fsidewalk.html,missing_imdb_link,No IMDB link in film card
2001/fsidewalk.html,missing_poster_reference,No poster image reference found
2001/fsiff01-1.html,missing_imdb_link,No IMDB link in film card
2001/fsiff01-1.html,missing_poster_reference,No poster image reference found
2001/fsiff01-2.html,missing_imdb_link,No IMDB link in film card
2001/fsiff01-2.html,missing_poster_reference,No poster image reference found
2001/fsiff01.html,missing_director,No Director listed in film-credits
2001/fsiff01.html,missing_imdb_link,No IMDB link in film card
2001/fsiff01.html,missing_poster_reference,No poster image reference found
2001/fsiff01.html,thin_content,Modern content is 42% of legacy length (215 vs 510 chars)
2001/fsnatch.html,missing_director,No Director listed in film-credits
2001/fsnatch.html,missing_imdb_link,No IMDB link in film card
2001/fsnatch.html,missing_poster_reference,No poster image reference found
2001/fsomeone.html,missing_director,No Director listed in film-credits
2001/fsomeone.html,missing_imdb_link,No IMDB link in film card
2001/fsomeone.html,missing_poster_reference,No poster image reference found
2001/fstartup.html,missing_director,No Director listed in film-credits
2001/fstartup.html,missing_imdb_link,No IMDB link in film card
2001/fstartup.html,missing_poster_reference,No poster image reference found
2001/fsugar.html,missing_director,No Director listed in film-credits
2001/fsugar.html,missing_imdb_link,No IMDB link in film card
2001/fsugar.html,missing_poster_reference,No poster image reference found
2001/ftiff01-2.html,missing_director,No Director listed in film-credits
2001/ftiff01-2.html,missing_imdb_link,No IMDB link in film card
2001/ftiff01-2.html,missing_poster_reference,No poster image reference found
2001/ftiff01.html,missing_imdb_link,No IMDB link in film card
2001/ftiff01.html,missing_poster_reference,No poster image reference found
2001/fwedding.html,missing_director,No Director listed in film-credits
2001/fwedding.html,missing_imdb_link,No IMDB link in film card
2001/fwedding.html,missing_poster_reference,No poster image reference found
2001/rai.html,thin_content,Modern content is 46% of legacy length (2802 vs 6007 chars)
2001/ranimal.html,thin_content,Modern content is 49% of legacy length (2323 vs 4666 chars)
2001/rblonde.html,thin_content,Modern content is 43% of legacy length (2143 vs 4971 chars)
2001/rblowdry.html,thin_content,Modern content is 46% of legacy length (3017 vs 6439 chars)
2001/rbridget.html,missing_director,No Director listed in film-credits
2001/rbridget.html,missing_imdb_link,No IMDB link in film card
2001/rbridget.html,missing_poster_reference,No poster image reference found
2001/rcapcor.html,missing_director,No Director listed in film-credits
2001/rcapcor.html,missing_imdb_link,No IMDB link in film card
2001/rcapcor.html,missing_poster_reference,No poster image reference found
2001/rcaveman.html,missing_director,No Director listed in film-credits
2001/rcaveman.html,missing_imdb_link,No IMDB link in film card
2001/rcaveman.html,missing_poster_reference,No poster image reference found
2001/rchunghyang.html,missing_director,No Director listed in film-credits
2001/rcrazy.html,thin_content,Modern content is 40% of legacy length (1507 vs 3763 chars)
2001/rdarkblueworld.html,thin_content,Modern content is 20% of legacy length (861 vs 4198 chars)
2001/rdevils.html,missing_director,No Director listed in film-credits
2001/rdevils.html,missing_imdb_link,No IMDB link in film card
2001/rdevils.html,missing_poster_reference,No poster image reference found
2001/rdevils.html,thin_content,Modern content is 32% of legacy length (2049 vs 6267 chars)
2001/rdont.html,missing_director,No Director listed in film-credits
2001/rdont.html,missing_imdb_link,No IMDB link in film card
2001/rdont.html,missing_poster_reference,No poster image reference found
2001/reloge.html,missing_director,No Director listed in film-credits
2001/reloge.html,missing_imdb_link,No IMDB link in film card
2001/reloge.html,missing_poster_reference,No poster image reference found
2001/rfulltime.html,missing_imdb_link,No IMDB link in film card
2001/rfulltime.html,missing_poster_reference,No poster image reference found
2001/rhedwig.html,thin_content,Modern content is 48% of legacy length (3087 vs 6358 chars)
2001/rhpotter.html,missing_imdb_link,No IMDB link in film card
2001/rhpotter.html,missing_poster_reference,No poster image reference found
2001/rjazz.html,missing_imdb_link,No IMDB link in film card
2001/rkate.html,missing_imdb_link,No IMDB link in film card
2001/rkate.html,missing_poster_reference,No poster image reference found
2001/rknight.html,missing_director,No Director listed in film-credits
2001/rknight.html,missing_imdb_link,No IMDB link in film card
2001/rknight.html,missing_poster_reference,No poster image reference found
2001/rliam.html,missing_imdb_link,No IMDB link in film card
2001/rliam.html,missing_poster_reference,No poster image reference found
2001/rlumumba.html,missing_imdb_link,No IMDB link in film card
2001/rmccool.html,missing_imdb_link,No IMDB link in film card
2001/rmccool.html,missing_poster_reference,No poster image reference found
2001/rnomans.html,missing_director,No Director listed in film-credits
2001/rnomans.html,missing_imdb_link,No IMDB link in film card
2001/rnomans.html,missing_poster_reference,No poster image reference found
2001/roceans11.html,missing_director,No Director listed in film-credits
2001/roceans11.html,missing_imdb_link,No IMDB link in film card
2001/roceans11.html,missing_poster_reference,No poster image reference found
2001/rsay.html,missing_director,No Director listed in film-credits
2001/rsay.html,missing_imdb_link,No IMDB link in film card
2001/rsay.html,missing_poster_reference,No poster image reference found
2001/rsweethearts.html,missing_imdb_link,No IMDB link in film card
2001/rsweethearts.html,missing_poster_reference,No poster image reference found
2001/rvacuum.html,missing_director,No Director listed in film-credits
2001/rvacuum.html,missing_imdb_link,No IMDB link in film card
2001/rvacuum.html,missing_poster_reference,No poster image reference found
2001/rvalentine.html,thin_content,Modern content is 45% of legacy length (2679 vs 5917 chars)
2001/rwidow.html,missing_director,No Director listed in film-credits
2001/rwidow.html,missing_imdb_link,No IMDB link in film card
2001/rwidow.html,missing_poster_reference,No poster image reference found
2001/rwiser.html,missing_director,No Director listed in film-credits
2001/rwiser.html,missing_imdb_link,No IMDB link in film card
2001/rwiser.html,missing_poster_reference,No poster image reference found
2001/rworst.html,missing_director,No Director listed in film-credits
2001/rworst.html,missing_imdb_link,No IMDB link in film card
2001/rworst.html,missing_poster_reference,No poster image reference found
2001/rzoolander.html,thin_content,Modern content is 21% of legacy length (1668 vs 7696 chars)
2002/f13conv.html,missing_director,No Director listed in film-credits
2002/f13conv.html,missing_imdb_link,No IMDB link in film card
2002/f13conv.html,missing_poster_reference,No poster image reference found
2002/f9queens.html,missing_imdb_link,No IMDB link in film card
2002/f9queens.html,missing_poster_reference,No poster image reference found
2002/faboutaboy.html,empty_content,Article body has only 1 <p> tag(s)
2002/faboutaboy.html,missing_director,No Director listed in film-credits
2002/faboutaboy.html,missing_imdb_link,No IMDB link in film card
2002/faboutaboy.html,missing_poster_reference,No poster image reference found
2002/faboutaboy.html,thin_content,Modern content is 21% of legacy length (91 vs 427 chars)
2002/faboutaboy1.html,missing_director,No Director listed in film-credits
2002/faboutaboy1.html,missing_imdb_link,No IMDB link in film card
2002/faboutaboy1.html,missing_poster_reference,No poster image reference found
2002/fagitator.html,missing_director,No Director listed in film-credits
2002/fagitator.html,missing_imdb_link,No IMDB link in film card
2002/fagitator.html,missing_poster_reference,No poster image reference found
2002/famericangun.html,missing_director,No Director listed in film-credits
2002/famericangun.html,missing_imdb_link,No IMDB link in film card
2002/famericangun.html,missing_poster_reference,No poster image reference found
2002/fararat.html,missing_director,No Director listed in film-credits
2002/fararat.html,missing_imdb_link,No IMDB link in film card
2002/fararat.html,missing_poster_reference,No poster image reference found
2002/fbeckett.html,missing_imdb_link,No IMDB link in film card
2002/fbeckett.html,missing_poster_reference,No poster image reference found
2002/fbiggie.html,empty_content,Article body has only 1 <p> tag(s)
2002/fbiggie.html,missing_director,No Director listed in film-credits
2002/fbiggie.html,missing_imdb_link,No IMDB link in film card
2002/fbiggie.html,missing_poster_reference,No poster image reference found
2002/fbiggie.html,thin_content,Modern content is 17% of legacy length (71 vs 406 chars)
2002/fcatsmeow.html,missing_director,No Director listed in film-credits
2002/fcatsmeow.html,missing_imdb_link,No IMDB link in film card
2002/fcatsmeow.html,missing_poster_reference,No poster image reference found
2002/fdagon.html,missing_director,No Director listed in film-credits
2002/fdagon.html,missing_imdb_link,No IMDB link in film card
2002/fdagon.html,missing_poster_reference,No poster image reference found
2002/fdodger.html,missing_director,No Director listed in film-credits
2002/fdodger.html,missing_imdb_link,No IMDB link in film card
2002/fdodger.html,missing_poster_reference,No poster image reference found
2002/fdrumline.html,missing_director,No Director listed in film-credits
2002/fdrumline.html,missing_imdb_link,No IMDB link in film card
2002/fdrumline.html,missing_poster_reference,No poster image reference found
2002/fearnest.html,empty_content,Article body has only 1 <p> tag(s)
2002/fearnest.html,missing_director,No Director listed in film-credits
2002/fearnest.html,missing_imdb_link,No IMDB link in film card
2002/fearnest.html,missing_poster_reference,No poster image reference found
2002/fearnest.html,thin_content,Modern content is 25% of legacy length (90 vs 348 chars)
2002/ffamily.html,missing_director,No Director listed in film-credits
2002/ffamily.html,missing_imdb_link,No IMDB link in film card
2002/ffamily.html,missing_poster_reference,No poster image reference found
2002/ffast.html,missing_imdb_link,No IMDB link in film card
2002/ffast.html,missing_poster_reference,No poster image reference found
2002/ffears.html,missing_imdb_link,No IMDB link in film card
2002/ffears.html,missing_poster_reference,No poster image reference found
2002/ffears2.html,missing_director,No Director listed in film-credits
2002/ffears2.html,missing_imdb_link,No IMDB link in film card
2002/ffears2.html,missing_poster_reference,No poster image reference found
2002/ffocus.html,missing_director,No Director listed in film-credits
2002/ffocus.html,missing_imdb_link,No IMDB link in film card
2002/ffocus.html,missing_poster_reference,No poster image reference found
2002/fgoodgirl.html,missing_director,No Director listed in film-credits
2002/fgoodgirl.html,missing_imdb_link,No IMDB link in film card
2002/fgoodgirl.html,missing_poster_reference,No poster image reference found
2002/fgosford.html,missing_imdb_link,No IMDB link in film card
2002/fgosford.html,missing_poster_reference,No poster image reference found
2002/fharry.html,empty_content,Article body has only 1 <p> tag(s)
2002/fharry.html,missing_director,No Director listed in film-credits
2002/fharry.html,missing_imdb_link,No IMDB link in film card
2002/fharry.html,missing_poster_reference,No poster image reference found
2002/fharry.html,thin_content,Modern content is 28% of legacy length (151 vs 526 chars)
2002/fhow.html,missing_director,No Director listed in film-credits
2002/fhow.html,missing_imdb_link,No IMDB link in film card
2002/fhow.html,missing_poster_reference,No poster image reference found
2002/finsomnia.html,empty_content,Article body has only 1 <p> tag(s)
2002/finsomnia.html,missing_director,No Director listed in film-credits
2002/finsomnia.html,missing_imdb_link,No IMDB link in film card
2002/finsomnia.html,missing_poster_reference,No poster image reference found
2002/finsomnia.html,thin_content,Modern content is 28% of legacy length (87 vs 303 chars)
2002/fkv02.html,missing_director,No Director listed in film-credits
2002/fkv02.html,missing_imdb_link,No IMDB link in film card
2002/fkv02.html,missing_poster_reference,No poster image reference found
2002/flastorders.html,missing_director,No Director listed in film-credits
2002/flastorders.html,missing_imdb_link,No IMDB link in film card
2002/flastorders.html,missing_poster_reference,No poster image reference found
2002/fmedem.html,missing_imdb_link,No IMDB link in film card
2002/fmedem.html,missing_poster_reference,No poster image reference found
2002/foscar02-1.html,missing_imdb_link,No IMDB link in film card
2002/foscar02-1.html,missing_poster_reference,No poster image reference found
2002/foscar02-2.html,missing_imdb_link,No IMDB link in film card
2002/foscar02-2.html,missing_poster_reference,No poster image reference found
2002/foscar02.html,empty_content,Article body has only 1 <p> tag(s)
2002/foscar02.html,missing_director,No Director listed in film-credits
2002/foscar02.html,missing_imdb_link,No IMDB link in film card
2002/foscar02.html,missing_poster_reference,No poster image reference found
2002/foscar02.html,thin_content,Modern content is 22% of legacy length (104 vs 470 chars)
2002/fpianist.html,missing_director,No Director listed in film-credits
2002/fpianist.html,missing_imdb_link,No IMDB link in film card
2002/fpianist.html,missing_poster_reference,No poster image reference found
2002/fpraise.html,empty_content,Article body has only 1 <p> tag(s)
2002/fpraise.html,missing_director,No Director listed in film-credits
2002/fpraise.html,missing_imdb_link,No IMDB link in film card
2002/fpraise.html,missing_poster_reference,No poster image reference found
2002/fpraise.html,thin_content,Modern content is 22% of legacy length (87 vs 394 chars)
2002/froyalt.html,empty_content,Article body has only 1 <p> tag(s)
2002/froyalt.html,missing_director,No Director listed in film-credits
2002/froyalt.html,missing_imdb_link,No IMDB link in film card
2002/froyalt.html,missing_poster_reference,No poster image reference found
2002/froyalt.html,thin_content,Modern content is 11% of legacy length (92 vs 816 chars)
2002/fsebastian-1.html,missing_imdb_link,No IMDB link in film card
2002/fsebastian-1.html,missing_poster_reference,No poster image reference found
2002/fsebastian-2.html,missing_imdb_link,No IMDB link in film card
2002/fsebastian-2.html,missing_poster_reference,No poster image reference found
2002/fsebastian-3.html,missing_imdb_link,No IMDB link in film card
2002/fsebastian-3.html,missing_poster_reference,No poster image reference found
2002/fsebastian.html,missing_director,No Director listed in film-credits
2002/fsebastian.html,missing_imdb_link,No IMDB link in film card
2002/fsebastian.html,missing_poster_reference,No poster image reference found
2002/fsiff02-indx.html,empty_content,Article body has only 1 <p> tag(s)
2002/fsiff02-indx.html,missing_director,No Director listed in film-credits
2002/fsiff02-indx.html,missing_imdb_link,No IMDB link in film card
2002/fsiff02-indx.html,missing_poster_reference,No poster image reference found
2002/fsiff02.html,empty_content,Article body has only 1 <p> tag(s)
2002/fsiff02.html,missing_director,No Director listed in film-credits
2002/fsiff02.html,missing_imdb_link,No IMDB link in film card
2002/fsiff02.html,missing_poster_reference,No poster image reference found
2002/fsiff02.html,thin_content,Modern content is 3% of legacy length (103 vs 3110 chars)
2002/fspykids2.html,empty_content,Article body has only 1 <p> tag(s)
2002/fspykids2.html,missing_director,No Director listed in film-credits
2002/fspykids2.html,missing_imdb_link,No IMDB link in film card
2002/fspykids2.html,missing_poster_reference,No poster image reference found
2002/fspykids2.html,thin_content,Modern content is 20% of legacy length (82 vs 397 chars)
2002/fstanding.html,missing_director,No Director listed in film-credits
2002/fstanding.html,missing_imdb_link,No IMDB link in film card
2002/fstanding.html,missing_poster_reference,No poster image reference found
2002/fstein.html,missing_director,No Director listed in film-credits
2002/fstein.html,missing_imdb_link,No IMDB link in film card
2002/fstein.html,missing_poster_reference,No poster image reference found
2002/fsunshine.html,missing_director,No Director listed in film-credits
2002/fsunshine.html,missing_imdb_link,No IMDB link in film card
2002/fsunshine.html,missing_poster_reference,No poster image reference found
2002/ftadpole.html,missing_imdb_link,No IMDB link in film card
2002/ftadpole.html,missing_poster_reference,No poster image reference found
2002/ftiff02-indx.html,empty_content,Article body has only 1 <p> tag(s)
2002/ftiff02-indx.html,missing_director,No Director listed in film-credits
2002/ftiff02-indx.html,missing_imdb_link,No IMDB link in film card
2002/ftiff02-indx.html,missing_poster_reference,No poster image reference found
2002/ftiff02.html,empty_content,Article body has only 1 <p> tag(s)
2002/ftiff02.html,missing_director,No Director listed in film-credits
2002/ftiff02.html,missing_imdb_link,No IMDB link in film card
2002/ftiff02.html,missing_poster_reference,No poster image reference found
2002/ftiff02.html,thin_content,Modern content is 25% of legacy length (103 vs 402 chars)
2002/ftime.html,missing_director,No Director listed in film-credits
2002/ftime.html,missing_imdb_link,No IMDB link in film card
2002/ftime.html,missing_poster_reference,No poster image reference found
2002/ftopten.html,missing_imdb_link,No IMDB link in film card
2002/ftopten.html,missing_poster_reference,No poster image reference found
2002/ftopten.html,thin_content,Modern content is 7% of legacy length (1647 vs 23448 chars)
2002/ftroma.html,missing_director,No Director listed in film-credits
2002/ftroma.html,missing_imdb_link,No IMDB link in film card
2002/ftroma.html,missing_poster_reference,No poster image reference found
2002/funfaithful.html,empty_content,Article body has only 1 <p> tag(s)
2002/funfaithful.html,missing_imdb_link,No IMDB link in film card
2002/funfaithful.html,missing_poster_reference,No poster image reference found
2002/funfaithful.html,thin_content,Modern content is 16% of legacy length (88 vs 532 chars)
2002/fwic02.html,missing_imdb_link,No IMDB link in film card
2002/fwic02.html,missing_poster_reference,No poster image reference found
2002/r8nights.html,missing_director,No Director listed in film-credits
2002/r8nights.html,missing_imdb_link,No IMDB link in film card
2002/r8nights.html,missing_poster_reference,No poster image reference found
2002/ralabama.html,thin_content,Modern content is 3% of legacy length (219 vs 5825 chars)
2002/rblackhawk.html,missing_imdb_link,No IMDB link in film card
2002/rblindspot.html,missing_director,No Director listed in film-credits
2002/rblindspot.html,missing_imdb_link,No IMDB link in film card
2002/rblindspot.html,missing_poster_reference,No poster image reference found
2002/rbourneid.html,thin_content,Modern content is 49% of legacy length (2429 vs 4921 chars)
2002/rcatsmeow.html,missing_director,No Director listed in film-credits
2002/rcatsmeow.html,missing_imdb_link,No IMDB link in film card
2002/rcatsmeow.html,missing_poster_reference,No poster image reference found
2002/remperor.html,missing_director,No Director listed in film-credits
2002/remperor.html,missing_imdb_link,No IMDB link in film card
2002/remperor.html,missing_poster_reference,No poster image reference found
2002/rfear.html,thin_content,Modern content is 45% of legacy length (1946 vs 4241 chars)
2002/rfence.html,thin_content,Modern content is 47% of legacy length (2322 vs 4902 chars)
2002/rfire.html,thin_content,Modern content is 49% of legacy length (2155 vs 4350 chars)
2002/rgosford.html,empty_content,Article body has only 1 <p> tag(s)
2002/rgreendr.html,thin_content,Modern content is 41% of legacy length (2184 vs 5202 chars)
2002/rhcrimes.html,thin_content,Modern content is 49% of legacy length (2327 vs 4670 chars)
2002/rhybrid.html,missing_imdb_link,No IMDB link in film card
2002/rjasonx.html,missing_director,No Director listed in film-credits
2002/rjasonx.html,missing_imdb_link,No IMDB link in film card
2002/rjasonx.html,missing_poster_reference,No poster image reference found
2002/rjasper.html,missing_director,No Director listed in film-credits
2002/rjasper.html,missing_imdb_link,No IMDB link in film card
2002/rjasper.html,missing_poster_reference,No poster image reference found
2002/rjetlag.html,thin_content,Modern content is 34% of legacy length (1422 vs 4157 chars)
2002/rkidpic.html,missing_director,No Director listed in film-credits
2002/rkidpic.html,missing_imdb_link,No IMDB link in film card
2002/rkidpic.html,missing_poster_reference,No poster image reference found
2002/rlantana.html,missing_imdb_link,No IMDB link in film card
2002/rmonsoon.html,thin_content,Modern content is 45% of legacy length (2529 vs 5526 chars)
2002/rorange.html,thin_content,Modern content is 46% of legacy length (2151 vs 4599 chars)
2002/rparadiso.html,missing_director,No Director listed in film-credits
2002/rparadiso.html,missing_imdb_link,No IMDB link in film card
2002/rparadiso.html,missing_poster_reference,No poster image reference found
2002/rpauline.html,missing_imdb_link,No IMDB link in film card
2002/rpauline.html,missing_poster_reference,No poster image reference found
2002/rpunch.html,thin_content,Modern content is 42% of legacy length (2694 vs 6375 chars)
2002/rrollerball.html,thin_content,Modern content is 48% of legacy length (2911 vs 6023 chars)
2002/rroyalt-1.html,missing_imdb_link,No IMDB link in film card
2002/rroyalt-2.html,missing_imdb_link,No IMDB link in film card
2002/rsad.html,missing_director,No Director listed in film-credits
2002/rsad.html,missing_imdb_link,No IMDB link in film card
2002/rsad.html,missing_poster_reference,No poster image reference found
2002/rscorpion.html,thin_content,Modern content is 43% of legacy length (1929 vs 4481 chars)
2002/rsonsroom.html,missing_director,No Director listed in film-credits
2002/rsonsroom.html,missing_imdb_link,No IMDB link in film card
2002/rsonsroom.html,missing_poster_reference,No poster image reference found
2002/rspider.html,missing_imdb_link,No IMDB link in film card
2002/rtreasure.html,thin_content,Modern content is 46% of legacy length (2717 vs 5797 chars)
2002/rwinterdark.html,thin_content,Modern content is 45% of legacy length (2417 vs 5309 chars)
2003/f13.html,missing_director,No Director listed in film-credits
2003/f13.html,missing_imdb_link,No IMDB link in film card
2003/f13.html,missing_poster_reference,No poster image reference found
2003/famandla.html,missing_director,No Director listed in film-credits
2003/famandla.html,missing_imdb_link,No IMDB link in film card
2003/famandla.html,missing_poster_reference,No poster image reference found
2003/fanimatrix.html,missing_director,No Director listed in film-credits
2003/fanimatrix.html,missing_imdb_link,No IMDB link in film card
2003/fanimatrix.html,missing_poster_reference,No poster image reference found
2003/fbarbarian-1.html,missing_director,No Director listed in film-credits
2003/fbarbarian-1.html,missing_imdb_link,No IMDB link in film card
2003/fbarbarian-1.html,missing_poster_reference,No poster image reference found
2003/fbarbarian-2.html,missing_director,No Director listed in film-credits
2003/fbarbarian-2.html,missing_imdb_link,No IMDB link in film card
2003/fbarbarian-2.html,missing_poster_reference,No poster image reference found
2003/fbarbarian.html,empty_content,Article body has only 1 <p> tag(s)
2003/fbarbarian.html,missing_director,No Director listed in film-credits
2003/fbarbarian.html,missing_imdb_link,No IMDB link in film card
2003/fbarbarian.html,missing_poster_reference,No poster image reference found
2003/fbarbarian.html,thin_content,Modern content is 17% of legacy length (112 vs 627 chars)
2003/fbetterluck.html,missing_director,No Director listed in film-credits
2003/fbetterluck.html,missing_imdb_link,No IMDB link in film card
2003/fbetterluck.html,missing_poster_reference,No poster image reference found
2003/fbiggie.html,missing_director,No Director listed in film-credits
2003/fbiggie.html,missing_imdb_link,No IMDB link in film card
2003/fbiggie.html,missing_poster_reference,No poster image reference found
2003/fbonhoeffer.html,missing_director,No Director listed in film-credits
2003/fbonhoeffer.html,missing_imdb_link,No IMDB link in film card
2003/fbonhoeffer.html,missing_poster_reference,No poster image reference found
2003/fcharlie.html,missing_director,No Director listed in film-credits
2003/fcharlie.html,missing_imdb_link,No IMDB link in film card
2003/fcharlie.html,missing_poster_reference,No poster image reference found
2003/fcold.html,missing_director,No Director listed in film-credits
2003/fcold.html,missing_imdb_link,No IMDB link in film card
2003/fcold.html,missing_poster_reference,No poster image reference found
2003/fconfidence.html,empty_content,Article body has only 1 <p> tag(s)
2003/fconfidence.html,missing_director,No Director listed in film-credits
2003/fconfidence.html,missing_imdb_link,No IMDB link in film card
2003/fconfidence.html,missing_poster_reference,No poster image reference found
2003/fconfidence.html,thin_content,Modern content is 16% of legacy length (48 vs 291 chars)
2003/fcruelty.html,empty_content,Article body has only 1 <p> tag(s)
2003/fcruelty.html,missing_director,No Director listed in film-credits
2003/fcruelty.html,missing_imdb_link,No IMDB link in film card
2003/fcruelty.html,missing_poster_reference,No poster image reference found
2003/fcruelty.html,thin_content,Modern content is 5% of legacy length (19 vs 363 chars)
2003/fdevil.html,missing_director,No Director listed in film-credits
2003/fdevil.html,missing_imdb_link,No IMDB link in film card
2003/fdevil.html,missing_poster_reference,No poster image reference found
2003/ffriedmans.html,missing_imdb_link,No IMDB link in film card
2003/ffriedmans.html,missing_poster_reference,No poster image reference found
2003/fgloomy.html,empty_content,Article body has only 1 <p> tag(s)
2003/fgloomy.html,missing_director,No Director listed in film-credits
2003/fgloomy.html,missing_imdb_link,No IMDB link in film card
2003/fgloomy.html,missing_poster_reference,No poster image reference found
2003/fgloomy.html,thin_content,Modern content is 4% of legacy length (13 vs 293 chars)
2003/fharryhausen.html,missing_director,No Director listed in film-credits
2003/fharryhausen.html,missing_imdb_link,No IMDB link in film card
2003/fharryhausen.html,missing_poster_reference,No poster image reference found
2003/fitalian.html,missing_director,No Director listed in film-credits
2003/fitalian.html,missing_imdb_link,No IMDB link in film card
2003/fitalian.html,missing_poster_reference,No poster image reference found
2003/fkillbillv1.html,empty_content,Article body has only 1 <p> tag(s)
2003/fkillbillv1.html,missing_director,No Director listed in film-credits
2003/fkillbillv1.html,missing_imdb_link,No IMDB link in film card
2003/fkillbillv1.html,missing_poster_reference,No poster image reference found
2003/fkillbillv1.html,thin_content,Modern content is 3% of legacy length (16 vs 417 chars)
2003/flost.html,empty_content,Article body has only 1 <p> tag(s)
2003/flost.html,missing_director,No Director listed in film-credits
2003/flost.html,missing_imdb_link,No IMDB link in film card
2003/flost.html,missing_poster_reference,No poster image reference found
2003/flost.html,thin_content,Modern content is 4% of legacy length (19 vs 393 chars)
2003/fmanic.html,missing_director,No Director listed in film-credits
2003/fmanic.html,missing_imdb_link,No IMDB link in film card
2003/fmanic.html,missing_poster_reference,No poster image reference found
2003/fmcghee.html,missing_director,No Director listed in film-credits
2003/fmcghee.html,missing_imdb_link,No IMDB link in film card
2003/fmcghee.html,missing_poster_reference,No poster image reference found
2003/fnarc.html,missing_director,No Director listed in film-credits
2003/fnarc.html,missing_imdb_link,No IMDB link in film card
2003/fnarc.html,missing_poster_reference,No poster image reference found
2003/foscar03-1.html,missing_director,No Director listed in film-credits
2003/foscar03-1.html,missing_imdb_link,No IMDB link in film card
2003/foscar03-1.html,missing_poster_reference,No poster image reference found
2003/fsiff03-indx.html,empty_content,Article body has only 1 <p> tag(s)
2003/fsiff03-indx.html,missing_director,No Director listed in film-credits
2003/fsiff03-indx.html,missing_imdb_link,No IMDB link in film card
2003/fsiff03-indx.html,missing_poster_reference,No poster image reference found
2003/fsiff03.html,empty_content,Article body has only 1 <p> tag(s)
2003/fsiff03.html,missing_director,No Director listed in film-credits
2003/fsiff03.html,missing_imdb_link,No IMDB link in film card
2003/fsiff03.html,missing_poster_reference,No poster image reference found
2003/fsiff03.html,thin_content,Modern content is 9% of legacy length (103 vs 1085 chars)
2003/fspider.html,empty_content,Article body has only 1 <p> tag(s)
2003/fspider.html,missing_director,No Director listed in film-credits
2003/fspider.html,missing_imdb_link,No IMDB link in film card
2003/fspider.html,missing_poster_reference,No poster image reference found
2003/fspider.html,thin_content,Modern content is 25% of legacy length (95 vs 374 chars)
2003/fspykids3.html,empty_content,Article body has only 1 <p> tag(s)
2003/fspykids3.html,missing_director,No Director listed in film-credits
2003/fspykids3.html,missing_imdb_link,No IMDB link in film card
2003/fspykids3.html,missing_poster_reference,No poster image reference found
2003/fspykids3.html,thin_content,Modern content is 16% of legacy length (67 vs 404 chars)
2003/fstate.html,empty_content,Article body has only 1 <p> tag(s)
2003/fstate.html,missing_director,No Director listed in film-credits
2003/fstate.html,missing_imdb_link,No IMDB link in film card
2003/fstate.html,missing_poster_reference,No poster image reference found
2003/fstate.html,thin_content,Modern content is 28% of legacy length (87 vs 309 chars)
2003/fsucker.html,missing_director,No Director listed in film-credits
2003/fsucker.html,missing_imdb_link,No IMDB link in film card
2003/fsucker.html,missing_poster_reference,No poster image reference found
2003/fthief.html,missing_director,No Director listed in film-credits
2003/fthief.html,missing_imdb_link,No IMDB link in film card
2003/fthief.html,missing_poster_reference,No poster image reference found
2003/ftiff03-indx.html,empty_content,Article body has only 1 <p> tag(s)
2003/ftiff03-indx.html,missing_director,No Director listed in film-credits
2003/ftiff03-indx.html,missing_imdb_link,No IMDB link in film card
2003/ftiff03-indx.html,missing_poster_reference,No poster image reference found
2003/ftiff03.html,missing_director,No Director listed in film-credits
2003/ftiff03.html,missing_imdb_link,No IMDB link in film card
2003/ftiff03.html,missing_poster_reference,No poster image reference found
2003/ralex.html,missing_director,No Director listed in film-credits
2003/ralex.html,missing_poster_reference,No poster image reference found
2003/rballad.html,missing_poster_reference,No poster image reference found
2003/rblonde2.html,missing_director,No Director listed in film-credits
2003/rblonde2.html,missing_imdb_link,No IMDB link in film card
2003/rblonde2.html,missing_poster_reference,No poster image reference found
2003/rboss.html,missing_director,No Director listed in film-credits
2003/rboss.html,missing_imdb_link,No IMDB link in film card
2003/rboss.html,missing_poster_reference,No poster image reference found
2003/rcaft.html,missing_director,No Director listed in film-credits
2003/rcaft.html,missing_imdb_link,No IMDB link in film card
2003/rcaft.html,missing_poster_reference,No poster image reference found
2003/rdada.html,missing_director,No Director listed in film-credits
2003/rdada.html,missing_imdb_link,No IMDB link in film card
2003/rdada.html,missing_poster_reference,No poster image reference found
2003/rdominoes.html,missing_director,No Director listed in film-credits
2003/rdominoes.html,missing_imdb_link,No IMDB link in film card
2003/rdracula.html,missing_director,No Director listed in film-credits
2003/rdracula.html,missing_imdb_link,No IMDB link in film card
2003/rdracula.html,missing_poster_reference,No poster image reference found
2003/rdracula.html,thin_content,Modern content is 33% of legacy length (1781 vs 5270 chars)
2003/rdrivein.html,missing_director,No Director listed in film-credits
2003/rdrivein.html,missing_imdb_link,No IMDB link in film card
2003/rdrivein.html,missing_poster_reference,No poster image reference found
2003/rduplex.html,thin_content,Modern content is 44% of legacy length (2752 vs 6165 chars)
2003/reden.html,missing_imdb_link,No IMDB link in film card
2003/respagnole.html,missing_director,No Director listed in film-credits
2003/respagnole.html,missing_imdb_link,No IMDB link in film card
2003/respagnole.html,missing_poster_reference,No poster image reference found
2003/rfellini.html,missing_imdb_link,No IMDB link in film card
2003/rfellini.html,missing_poster_reference,No poster image reference found
2003/rghosts.html,thin_content,Modern content is 45% of legacy length (2830 vs 6155 chars)
2003/rgrind.html,thin_content,Modern content is 29% of legacy length (1949 vs 6606 chars)
2003/rheart.html,thin_content,Modern content is 47% of legacy length (2798 vs 5860 chars)
2003/rhoney.html,thin_content,Modern content is 49% of legacy length (2705 vs 5426 chars)
2003/ridentity.html,thin_content,Modern content is 42% of legacy length (2011 vs 4695 chars)
2003/rinlaws.html,thin_content,Modern content is 46% of legacy length (2597 vs 5579 chars)
2003/rlchayim.html,missing_director,No Director listed in film-credits
2003/rlchayim.html,missing_imdb_link,No IMDB link in film card
2003/rlchayim.html,missing_poster_reference,No poster image reference found
2003/rlovecosts.html,missing_director,No Director listed in film-credits
2003/rlovecosts.html,missing_imdb_link,No IMDB link in film card
2003/rlovecosts.html,missing_poster_reference,No poster image reference found
2003/rmalibu.html,missing_director,No Director listed in film-credits
2003/rmalibu.html,missing_imdb_link,No IMDB link in film card
2003/rmalibu.html,missing_poster_reference,No poster image reference found
2003/rmalibu.html,thin_content,Modern content is 43% of legacy length (2037 vs 4693 chars)
2003/rmanic.html,missing_director,No Director listed in film-credits
2003/rnaughty.html,missing_imdb_link,No IMDB link in film card
2003/rnaughty.html,missing_poster_reference,No poster image reference found
2003/ronline.html,thin_content,Modern content is 48% of legacy length (2453 vs 5052 chars)
2003/rpiglet.html,missing_director,No Director listed in film-credits
2003/rpiglet.html,missing_imdb_link,No IMDB link in film card
2003/rpiglet.html,missing_poster_reference,No poster image reference found
2003/rrecruit.html,thin_content,Modern content is 48% of legacy length (2805 vs 5775 chars)
2003/rsomething.html,missing_director,No Director listed in film-credits
2003/rsomething.html,missing_imdb_link,No IMDB link in film card
2003/rsomething.html,missing_poster_reference,No poster image reference found
2003/rspider.html,missing_imdb_link,No IMDB link in film card
2003/rspider2.html,missing_imdb_link,No IMDB link in film card
2003/rstone.html,missing_imdb_link,No IMDB link in film card
2003/rstory.html,missing_director,No Director listed in film-credits
2003/rsucker.html,missing_imdb_link,No IMDB link in film card
2003/rsucker.html,missing_poster_reference,No poster image reference found
2003/rtogether.html,missing_director,No Director listed in film-credits
2003/rtogether.html,missing_imdb_link,No IMDB link in film card
2003/rtogether.html,missing_poster_reference,No poster image reference found
2003/rtomdowd.html,missing_imdb_link,No IMDB link in film card
2003/rtomdowd.html,missing_poster_reference,No poster image reference found
2003/rtrilogy1.html,thin_content,Modern content is 49% of legacy length (3339 vs 6684 chars)
2003/rtrilogy2.html,thin_content,Modern content is 39% of legacy length (2040 vs 5171 chars)
2003/runknown.html,thin_content,Modern content is 47% of legacy length (3414 vs 7226 chars)
2003/rwhite.html,missing_director,No Director listed in film-credits
2003/rwhite.html,missing_imdb_link,No IMDB link in film card
2003/rwhite.html,missing_poster_reference,No poster image reference found
2003/ryossi.html,missing_director,No Director listed in film-credits
2003/ryossi.html,missing_imdb_link,No IMDB link in film card
2003/ryossi.html,missing_poster_reference,No poster image reference found
2003/ryoung.html,missing_poster_reference,No poster image reference found
2004/fbonvoyage.html,missing_director,No Director listed in film-credits
2004/fbonvoyage.html,missing_imdb_link,No IMDB link in film card
2004/fbonvoyage.html,missing_poster_reference,No poster image reference found
2004/fcityofgod.html,missing_director,No Director listed in film-credits
2004/fcityofgod.html,missing_imdb_link,No IMDB link in film card
2004/fcityofgod.html,missing_poster_reference,No poster image reference found
2004/fkillbill.html,missing_director,No Director listed in film-credits
2004/fkillbill.html,missing_imdb_link,No IMDB link in film card
2004/fkillbill.html,missing_poster_reference,No poster image reference found
2004/floos.html,missing_director,No Director listed in film-credits
2004/floos.html,missing_imdb_link,No IMDB link in film card
2004/floos.html,missing_poster_reference,No poster image reference found
2004/fmeangirls.html,missing_imdb_link,No IMDB link in film card
2004/fmeangirls.html,missing_poster_reference,No poster image reference found
2004/fpassion.html,empty_content,Article body has only 1 <p> tag(s)
2004/fpassion.html,missing_director,No Director listed in film-credits
2004/fpassion.html,missing_imdb_link,No IMDB link in film card
2004/fpassion.html,missing_poster_reference,No poster image reference found
2004/fpassion.html,thin_content,Modern content is 7% of legacy length (25 vs 357 chars)
2004/fprince.html,missing_imdb_link,No IMDB link in film card
2004/fprince.html,missing_poster_reference,No poster image reference found
2004/ftwisted.html,empty_content,Article body has only 1 <p> tag(s)
2004/ftwisted.html,missing_director,No Director listed in film-credits
2004/ftwisted.html,missing_imdb_link,No IMDB link in film card
2004/ftwisted.html,missing_poster_reference,No poster image reference found
2004/ftwisted.html,thin_content,Modern content is 2% of legacy length (7 vs 286 chars)
2004/rbaby.html,thin_content,Modern content is 48% of legacy length (2892 vs 5911 chars)
2004/rbounce.html,thin_content,Modern content is 2% of legacy length (146 vs 6025 chars)
2004/rbroken.html,missing_imdb_link,No IMDB link in film card
2004/rburning.html,missing_poster_reference,No poster image reference found
2004/rliberty.html,thin_content,Modern content is 4% of legacy length (214 vs 5048 chars)
2004/rscared.html,missing_director,No Director listed in film-credits
2004/rscared.html,missing_imdb_link,No IMDB link in film card
2004/rscared.html,missing_poster_reference,No poster image reference found
2004/rteachers.html,missing_director,No Director listed in film-credits
2004/rteachers.html,missing_imdb_link,No IMDB link in film card
2004/rteachers.html,missing_poster_reference,No poster image reference found
